1,R_3koVyM7qEyE4Ypx,giraffe ,face,shoe ,trees,TV,paw,ocean,car,banana,handle
2,R_WuE6JAAXCEGO8tH,cat,desk,theater,egg,pants,weather,hand,hem,uncle,flower
3,R_3QmlC37US0bEQYp,Rain,Tree,Laptop,Mug,Nail,Rabbit,Potato,Pants,Class,Curtain
4,R_2y1HvqnTKxJ8ymk,fire,flower,pen,dress,plane,mountain,dog,law,camera,child
5,R_1q1W1V1aS9uWkIG,boat ,people ,insect ,coffee ,clothes ,bike ,television ,wood ,laptop ,hair 
6,R_eUQsJePK1Dpo5pf,flower ,dinner ,pen ,lipstick,dog ,color,macbook,apple,fan ,sunscreen 
7,R_1PRwVSBz8uq54dj,ocean ,chair,head,flower,car,lamp,rock,money,work,gun
8,R_4IbEa0u5VaCjNGF,ethanol,mitosis,dress,candle,can,placemat,car,egg,laptop,card
9,R_yIwKYgPZNqHO5Ut,map,queen,hat,steel,tea,lips,swimming pool,glasses,book,gap
10,R_1rcssfbD4S8tGQa,box,computer,mooncake,cheese,poll,doll,fish,beauty,flower,cola
11,R_12om7o5KDQ51Wns,tree,typewriter,needle,suitcase,ball,card,nail,fan,cable,dragon
12,R_2SklImEAFdyRD8v,bin,branch,ball,crab,roof,rocket,ruler ,son,headphones,water
13,R_ZKanfRTrN38JWkF,desk,train,house,sky,tree,minor,habit,shirt,tower,market
14,R_1hAL4rQ655FLo8L,glass,wind,face,butterfly,street lamp,iron,sea shell,nail,cash,time
15,R_2dSCW5JzmFfZAqE,rabbit ,computer ,sweater ,nail,lung ,wax,desk,game ,mountain,surfboard 
16,R_3kL2FyOx4dlNdwL,dog,sex,psychology,computer,conflict,father,flower,parade,clown,firework
17,R_3EGpxTN5LLLMqWk,hat ,elephant ,doctor,cushion,test tube ,library,toy car,stomach,globe,deoderant
18,R_siF0IejFbyHEe2Z,television,chair,pencil,skirt,mascara,calculator,door,certificate,pillow,tissue
19,R_1F8vpBWAwpcKYce,bottle,earphone,pen,fruit,medicine,ocean,fire,perfume,strategy,caculator
20,R_3CZrn6fF5NxYcKY,purple,grave,keyboard,quantum ,stork,toe,climate,ghost,fried,diet
21,R_2QGm7E0iK9QwQUC,book,chicken,kettle,highway,bed,cousin,jumper,nailpolish,music,tissue
22,R_3hxXFvAaZUCRCyF,school,flag,sand,cat,nail polish,deodorant,fork,lock,travel,ambulance
23,R_31zaY56c9gCqpKx,man,girl,bottle,book,study,family,photo,baby,childhood,birthday
24,R_VPQBGmFJkgy04nv,sun,cheese,adress,tree,glass,carbon,noise,mail,fail,water
25,R_3IYaDXI9zyFVgEZ,photo ,air ,bottle,cord,basketball,door,umbrella,shapes,towel,pin 
26,R_3HHucl2vKqmCxnN,red,tree,polar bear,car,dirt,drink bottle,bed,jacket,oven,bin
27,R_DzNTekoA8n75A1H,apple,road,pen,shorts,pillow,eyelid,gold,ocean,wall,music 
28,R_3qIEED4O8b3d7bG,hair,miso,socks,light,pitbull,daisies,tennis,clock,basement,chainsaw
29,R_28YXqUfFuh5n6Gw,cat,sky,bag,mop,mirror,paper,scarf,laptop,wood,bell
30,R_Zh11URsMrzkj6Cd,teacher,murderer,guitar,deaf,mouse,garlic,fan,mall,hamburger,dead
31,R_R7Xc4x9KjiOcbsJ,bus,radio,kidney,rug,desk,paint,love,sunflowers,crown,constitution
32,R_1NyJ4allLfeJtr6,keep,leave,fly,happened,always,flabbergasted,mysterious,bullied,disappointed,flour
33,R_2BrgtW92VteebD5,magic,verb,phone,hair,lights,country,lead,smile,stick,blue
34,R_3m8A7KptOiIg9WE,baby,hate,phone,apple,number,pen,empathy,cow,carpet ,polish
35,R_1PdwYBAHoeVmAKc,tissue,lighting,house,ghost,beer,grave,flower,doctor,court,white
36,R_2flDW83WFlCPG0T,love ,tissue,flowers ,cream ,light,salt ,dog ,book,jacket ,basketball 
37,R_3fGYKKGiVuvtVIP,computer,world,toad ,book ,ring ,plane ,house ,tree,slide,music 
38,R_2fxkdeTbFVyyGMd,coconut,dog,comb,mask,candies,watch,calculator,pencil,solar panel,seasoning
39,R_tFG3m5AKKc70W4h,apple,apartment ,bones ,coffee,cat,bottle ,calculator,pool,gate,doctors
40,R_9pn2KJP3EKnAxUZ,wind,desk,ball,house,back,teacher,nail,basket,dog,ear
41,R_2CC8D2chTULgz7E,bouzouki,gas,rain,circus,book,pyramid,yacht,stick,computer,shack
42,R_1LNLaYKwkhEyqDK,people,theory,apple,ice cream,ring,medal,jar,glass,silk,clothing
43,R_zdHwbRyvoi6Pd8R,dice,blue,cat,cup,book ,mum,chair,school,apple,fake
44,R_2curxfvbrawWwdm,Write,Chicken,Magic,Game,Language ,People,Father,Election ,Subject ,Hand
45,R_rfhtsYMoHrzDp2F,butterfly,bee,meaning,space,bet,orange,george,wee,yew,baby
46,R_1CfjPNHNiIJocDu,house,flower,skirt,axe,cage,lemon,money,medicin,paper,detergent
47,R_2164et1cX4V25eV,water,triangle,book,nail,truck,shoelaces,carpet,onion,bracelet,underwear
48,R_2Eg7Uq3lSKZQm7M,Plane,Beach,Address,Love,Biscuit,Dog,iPad,Insecticide,Pillow,Cobblestone
49,R_b8kZzRhnoN1gw81,car,universe,group,sad,bed,bin,relationship,outstanding,head,window
50,R_12x4lCq9gcHG4cg,chair,pool,pencil,mouse,painting,glasses,iron,bag,chips,bridge
51,R_XArL0au9O7sODyV,mailbox ,pot,bed,bridge,jacket,star,ocean,curtain,bag,elephant
52,R_3oTHuZGvOzUxHFh,wall,shoe ,floor,study,maid ,clown,tree,death,pants ,fingers 
53,R_3MLEPJ09SvrMcTa,food,place,idea,comfort,living,intelligence,beauty,travel,conversation,love
54,R_3siDtX3dAURW9Kw,cow,jacket,wind,kissing,chair,pasta,rainbow,plane,curtain,vein
55,R_2Vl6LnkdQ0cdgem,pen,noise,running,clouds,tape,comedy,crowds,flowers,absent,cans
56,R_54iWMq6Xyngw5Oh,white,animation,motivation,countryside,ice-cream,school,complex,vacation,dream,accordion
57,R_1geE6Cb8CJIlQIy,table,pool,ring,giraffe,knife,tack,mud,toddler,car,tv
58,R_111kDn2r9PJRRnE,Den,Wire,Lawyer,Black,Revolution,Darkness,Light ,Happiness,Strength,Thinking
59,R_2RUhnUL9VN4YTFP,people,chair,fish,lake,computer,history,France,shirt,moon,milk
60,R_2qkoE5JAao3P1WU,place ,hand,food,emotions,run ,picture ,farm ,school,hair ,sport 
61,R_3GquG0AzZL6Xlfa,pen,cream,straw ,lamp,tree,clothes,brush,knife,window,cloth
62,R_5pUxtGpDkGQWTZf,cat ,blanket ,house,tree,car,bike,laptop,shoe,stage,phone 
63,R_28LJzihi5nfixJC,pig,bottle,notebook,car,god,check,type,horror,needle,line
64,R_2YySCHkKDkkWK9B,laptop,brownie,road,pimple,paper,psychology,brown,rubber,tree,marker
65,R_2QrB8leByMCBfT5,rabbit,math,TV,oscan,airport,friend,child,parent,game,bird
66,R_01BQn8K7Pi9Rayl,doll,homework,comics,maths,holiday,sea,roommate,pad,water,toilet
67,R_24waSrxtfLapDP0,Pen,Ball,Street,Ear,Bird,Snow,Toothbrush,Food,Land,Electricity 
68,R_3lAFWiBT1vFPagB,dragon,ice,plant ,highlighter ,student ,road,commet ,squid ,love ,stomach 
69,R_3k5hUHsCE0FjJrh,dog,flag,sun,purple,blush,keyboard,singing,hair,fabric,hotel
70,R_3nIUg3zsvUUMrzd,dandelion,cheesecake,odor,highlight,settings,spray,toolkit,book,tray,pants
71,R_4J8m7RT3rcJ2rHb,cat,box,foot,gel,pen,mother,vacancy,light,water,rope
72,R_UgQCwKS5A1OsM8h,car,park,toy,cake,medical,study,Japan ,Arthur,figure,GP
73,R_3dQCtNRTIkOXGm3,cat ,book,clothes ,phone ,table ,bottle ,cake ,wind ,sound ,flower 
74,R_10qtK37pJxcdYC2,bowl,sky,licorice,pot,forest,alien,shin,scientologist,carbon monoxide,cuticle
75,R_32V0GhHUtT9apFb,door,school,car,water,biology,land,star,flag,donkey,music
76,R_OAVTO3upDEKi3w5,shoe,cow,house,moon,dancer,phone,glasses,road,book,game
77,R_3KCrdib6XHF9gdo,drought ,cortisol ,hyperbole ,rust,plants,earphone ,bottle ,ambition ,surgery ,NA
78,R_3Kr0Wp0jemFRA5v,cat,house,pencil,ice,grass,wind,gravity,male,life,skin
79,R_8e8JQcJ5JTSoJhf,apple,sun,blanket,statue,travel,university,toy,grandmother,time,purple
80,R_DtWwqkKNCbIvNlv,clock,countdown,gear,watch,late,measure,seconds,hours,wall,table
81,R_2a8DmIIY9bJE4NY,bull,calculator,candle ,dairy ,chip,cat,fridge ,table,drink bottle,t shirt 
82,R_2aELtRUHKNLF6eP,cow,bottle,time,mum,barbie,love,graduation,beauty,sponges,power
83,R_11iN1qjG6Nj8tqD,sky,water,mud,bird,flower,human,sun,bee,cock,DNA
84,R_1hF1mDqW0t7WDTv,banana,eraser ,telephone ,metal ,cloud ,wristband ,fur ,hospital,cord,numbers
85,R_1FtFMZKWBRAgeIo,animals,Fruits,Vegetables,Human,Earth,Road,Plant,House,School,Politics
86,R_2Y5JmSCtHIpg6yQ,phone,bed,water,perfume,chips,shoes,tape,tampon,doll,pen
87,R_1gSHO45ytro9UdW,bottle,phone,table,map ,floor,hand,dog,hat,hoop,tree
88,R_1kOJ5Usdg2JhxvR,cup ,pig,mountain,snot ,berries ,the queen,lingerie ,electric guitar ,karate ,baby
89,R_22SbuSjFRwK3TBL,cat ,desk ,run, shirt ,'can''t ',greet ,sticker ,objection ,oblivious ,tree
90,R_2dE1gmY21cQEMDj,snow,table,car,hills,sky,river,dust,doll,foam,crab
91,R_2aluzJD6nz9bXbO,book,sky,lamp,water,fire,wood,shoes,cap,hand,laptop
92,R_3sBnC1yFJKDezRf,mop,bag,rat,travel,alien,desk,cord,jump,cry,shoe
93,R_af1Ksg65lWMgEA9,Toe,Parliament,Mars,Atom,Syringe,Text,Vent,Dualism,Swimming,Saxophone
94,R_3RxNLnyjRYDfl6T,table,sky,zoo,water,handphone,oreo,violin,finger,batman,blueberry
95,R_sSAQtzGAA4DSt2N,cat,book,beach,chair ,laptop,underwear,friend,blanket,toy,washing basket
96,R_1CJgYpZ9uTk4ed4,rat,cauliflower,hamper,carpet,cancer,silicone,celebrate,holes, block,chew
97,R_2Y9sgOVwPgX3NVr,family,work,book,cloud,friend,farmer,animal,river,tree,star
98,R_27vwpR3uXW5WENI,tissue,clothes,water,fire,music,egg,spoon,money,phone,mother
99,R_3g29Ti2pWBvVqZu,fire extinguisher ,bedroom,coffee,uniform ,ambulance,glasses,tiles,mud,vineyard,towel
100,R_3hbA1DldJ1WUf9j,himalayas ,mirror ,twitter ,dream,coriander ,doctor who ,tennis ,slime ,clown ,zeus 
101,R_1FQXi3T8BMNlPqA,moon,turtle,desk,singer,tea,dust,pool,pants,lipstick,beard
102,R_1li1u6Kq8SGJ5sR,table,dog,chemistry,teaspoon,rain,mother,ring,grass,bag,car
103,R_w14tTVfBbJjFONP,plane,bread,Mother,wand,pig,leprechaun ,television,flute,nail,ghost
104,R_21FYz17nGUqKiRq,earphone,flower,thong,temple,socket,key,bubble,note,port,tap
105,R_1pSxnULoleStPAd,desktop,shoe,cupholder,crochet hook,candlewax,sieve,pipe,lightbulb,fountain,nib
106,R_25R71XYUH5j0zl3,phone,mine,tissues,aliens,airplane,bombs,flags,ball,wolf,ocean
107,R_rpqYpFygDntuZvH,people,animal,hospital,school,car,phone,dress,hair,bed,window
108,R_2OSUYghXwOgk06Y,shoe,bad,alcohol,swimming,study,parachute ,seafood,death,wedding,babies
109,R_2AToiACneZTiWnX,website,bottle,trash,cake,light,table,phone,tissue,book,water
110,R_2qBExsjDzgoYGAw,time,people,thing,day,life,women,way,road,books,child
111,R_1E52pcusvCfGsst,car,tree,sky,oean,glasses,picture,chopsticks,cup,pen,speaker
112,R_3EtyJn0UI4NVu7I,lamp ,grass,brick ,throne,car,hammock,pet,geyser,tube,umbrella
113,R_3HTglMTjSyS7mRN,helmet,pen,soup,scales,alarm ,death,book,australia,skipping ,fire
114,R_1jHDm1Q6ylzsFqU,necklace,pot,lock,deck,gum,pencil,light,station,cheque,tree
115,R_265PG9Wo0erBYru,cat,table,sofa,girl,bottle,building,school,blanket,basketball,nail
116,R_2B8qC12UFHB9OGN,bicycle,music,colour,bag,crow,baby wipe,lamp,wiring,magnet,vents
117,R_UElXpLDDuyJFyU1,cat,dog,education,race,invitation,comparison,ceiling,table,glass,grass
118,R_2wEPYl3R02gH9mO,arrow,stand,plane,soup,mast,gold,book,football,grass,shadow
119,R_3Ej9BsuuJSnA2MG,milk ,ocean ,salt ,speaker,box ,window ,sky ,wallet ,bag ,heater 
120,R_3RyDJEOz0LQI9IZ,clothes,food,phone,rose,sun,wall,printer,paper,shoe,hand
121,R_3HvNknXeL41RPyI,magic,chopsticks,pot,computer,air,dumbbells,hair,bully,flood,keys
122,R_Os3kcjjJy5JZbot,cat ,city ,iceberg ,robot ,video ,bottle ,glasses ,passport ,money ,sun 
123,R_3IcSwPn86u1wNfH,thief,movie,milk,Italy,river,tram,home,artwork,underwear,bee
124,R_1QzjOBkKpcwdouX,apple,guitar,ant,multiply,baptism,waste,paradigm,cleaver,enzyme,elevator
125,R_2CxBMXYbRDng1Cu,hammer ,snow ,window ,phone ,light ,speaker ,mirror ,cloth,clouds ,coffee 
126,R_1nVfHVldRxIjhME,Cake,Holocaust,Aliens,Syphillis,Frying pan,Transplant,Addict,Diarrhea,Toenail,Lats
127,R_1GU34Ytx4Nrn9mk,bottle,finger,cloth,eye,beautiful,happy,house,book,mother,love
128,R_eqWTgNByryIRE0F,car,car,oars,bread,mountain,pencil,teddy bear,cash,guitar,lolly
129,R_3Pz3LTzA3ez7VIL,cup,plant,animal,person ,plane,computer,park,vegetable ,vehicle ,window
130,R_3HwvfbQwcauCywA,School,grass,dungeon,drink,movie,street,bird,phone,window,Dinner
131,R_27VS62PufWRly0I,caterpillar ,fame,castle ,gum,crop top ,fog ,smile ,gold,vampire ,truth 
132,R_2CBYQ45bij9LSOf,Technology,Country,Happiness,Time,Voltage,Iron,Captivate,Hair,Special,Rain
133,R_1mCcJvdfsvP7dUS,tile,phone,banana,highlighter,cloud,jewellery,lecture,dog,banquet,BBQ
134,R_2CVO2nRaBNVLnNM,lamp,dylan,book,giraffe,spider,pen,cloth,painting,toe,sticker
135,R_1kOeivr9du3yxeL,Table,Ocean,Star,Whistle ,Phone,Antenna ,Grass,Bus,Chalk,Curtain 
136,R_31SBTKhILqUTycs,cup ,knife ,tree ,friend ,cigarette ,meat ,ship,star ,tiger,snow 
137,R_1FE8A9bcQzE3oLy,tree,building,sky,game,door,factory,chocolate,media,tram,coffee
138,R_11iPg2DCONOzSIB,table,family,girl,cat,wallet,fork,grace,tablet,charger,book
139,R_2zU4W74bqPFjHRJ,hat,tree,fig,paper,radio,stairs,door,number,thumb,road
140,R_3GDkXCpgoMWGQJV,justice,beauty,envy,appetite,idea,sorrow,luxury,right,generosity,nap
141,R_1qV5cYRJbOoW3Hh,book,bag,plane,water,skin,dog,cloud,curtain,gun,mountain
142,R_2WZRmw7DM3yCHZ7,cat,car,bed,shirt,bear,radio,board,cupboard,wardrobe,chair
143,R_3lWDAmn6NjJx5yK,stick,hand,essay,time,water,ice,house,road,onion,dog
144,R_wYGE2WR8Icx9RWV,phone ,fox ,car,home ,flight ,slave ,movie ,wallet ,box ,doctor 
145,R_UmZWwWpU8svdxo5,boyfriend,animal,FRUIT,table,elevator,shopping,road,fly,pipe,PLUMBER
146,R_2fHuPbm504t4yn1,Phone,Blanket,Sheep,Beef,Cars,Clouds,Pillow,Eggs,Chicken,Trees
147,R_3ESXJoiAqIqZqYj,change,kill,grill,arrange,stab,bury,sing,cry,stop,fix
148,R_2VsjjlxpWKqVqxZ,clothes,ocean,bottle,sun,computer,medal,glass,clouds,music,nail
149,R_2WIFjqIhEqno0Nu,banshee,telescope,paint,locomotive,icypole,crate,swashbuckler,atlas,birthday,hummingbird
150,R_1LLEYbxIQ8o9eCn,Kettle,Scissors,Laptop,Dress,Foot,Tree,Church,Chicken,Water,Violin
151,R_3oQG1ex74pvVvyo,Hot,Unicorn,Preschool,Foot,Ham,Platypus,Tent,Computer,Forest,Friend
152,R_1Nn3fTpUIYhlcT7,Fence,Pen,Pot,Light,Frame,Phone,Star,Alcohol,Tissue,Perfume
153,R_2rNEWsuT0kxNVGa,CHAIR ,HEART ,SHOE ,PLANT ,COKE ,BREAD ,BACKPACK,MIRROR ,CHARGER,TAMPON 
154,R_w7C88njLVRiccKJ,dog ,car,coffee,tissue,wire,ink,stone,frame,fork,app
155,R_Rkxsu2xz5ZsFpCN,handicapped,moon,bracelet,Plant,dynamic,intricate,hippo,Sakya,incantation,sorcery
156,R_7Uj6WgomSIDf71f,cat,desk,bed,phone,peanut,email,tank,lipstick,plastic ,pole
157,R_VUWWfIAt7oOX8Ih,cat,tennis,girl,feet,blanket,fruit,rain,pole,glue,tank
158,R_2uDTKSt0YRwp6yG,chair,factory,planet,toothbrush,perfume,kettle,leaf,brick,handbag,violin
159,R_2tlo4VFp3jLL9bW,word,bread ,table ,wax,oxygen,water,electricity,engineering,books,displayer
160,R_tXxUuvMyliM6u8F,table,jumper,scissors,red,hospital,tree,shout,job,painting ,winter
161,R_RfflBjsRDTnVK6J,book,honey,cup,straw,chair,sea,gold,glasses,broom,floor
162,R_1OqTuUnlt7jMVok,orange,universe,homework,circuits,key,shirt,marker,anime,style,aesthetic
163,R_3QP3EGfTI63jf7r,chair,fan,street,candle,order,music,notebook,survey,hair,pizza
164,R_2czlZGKw7PzNf17,school,boy,sally ,cat ,book ,painting ,window ,sock,motorbike ,bedsheet 
165,R_1QG7fLojpdI3wDh,Tiger,Bench,Plane,Clown,House,Tree,Bag,Suit,Crate,Flor
166,R_3EQCOl8sO0qdQay,Cat,Phone,Glasses,Bottle,Airpods,Keys,Cheetos,Wall,Girl,wallet
167,R_3KD5TsnGYCCbc21,ocean ,peanut ,earring ,road,gold ,pangolin ,jumper,brussel sprout ,license ,arm
168,R_32QjU1rNdWfVmEr,Pillow,Spain,Dessert,Earring,Lentil,Goddess,Party,Machine,Mat,Chip
169,R_eVh3ULPSe6aehtD,space,time,place,coke,tea,package,garden,avatar,race,show
170,R_30oOGgwQhskSVx5,apple,laptop,chair,tape,ladder,ball,blanket,pool,case,digestion
171,R_56Ir4VQmB7cUv6h,map,picnic,champagne,socks,mouse,numbers,photographs,brackets,net,love
172,R_2SAGrvhHtRSRAYl,cat,mug,earth,bottle,hand,brain,university,book,song,power cord
173,R_3qqctFf5omYEUGB,TV,cup,water,dog,love,pain,ring,pen,car,OCD
174,R_3EF3KinWKNbfWwg,towel,building,planet,cloud,horse,paint,hat,figurine,knob,wheat
175,R_1eOTVWzCB5WmXDf,boat,apple,bookcase,cave,ankle, cane,candy,church,fish,wealth
176,R_1jjntrHs9N2sxVy,dog,time,abestos,car,pink,facebook,leaf,atom,Maria,grade
177,R_pPKxSKujVx5OZoZ,table,building,apple,photo,music,anxiety,watch,bandage,nail,crocodile
178,R_roSpyFSrPpG5thT,Food,Planet,Technology,Wood,Athlete ,Home,Fire,Weapon,Cinema,Colour
179,R_1mKMp5cbgWlFe6y,food,book,phone,bottle,screen,ball,university,pen,nose,friend
180,R_10ZeYIp9NkIQee1,Chair,Tree,Boat,Clothes,Television,Bike,Register,Floor,Cape,Eyes
181,R_C3Ka04me6g7JNBv,cat,toilet,rug,cement,speaker,flower,bottle,finger,stairs,glass
182,R_0OFc88MvnIr6GHf,DOG,GLASS,FLOWER,UNIVERSITY,WATER,LAPTOP,SONG,STAIRS,LIGHT,POLE
183,R_rdT29EFMNUds4JX,Dark,Hot,Slow,Tall ,Stupid,Air,Brick,Power,Help,Chase
184,R_r7MmDhBReWZxjDr,bottle,lip,frisbee,tram,sugarcane,ice,rice,scar,zipper,sunflower
185,R_aYrLkc9pee8I3sJ,food,love,baby,tree,sea,university,animal,chair,sun,China
186,R_2QDMWsLFcLIOv7E,cold ,hot ,exciting ,boring ,alive ,dead ,fantasy ,real life ,hard ,soft 
187,R_6PxDQchSfZtrdFD,azure,banana,chair,candle,footpath,socket,galaxy,scarf,llama,pencilcase
188,R_2uJQSrjDYbwyMAa,heart,useless,annoying,tired,happy,sleepy,boring,itchy,yawing ,pretty
189,R_3qe330UNF3q5Wka,sky,brush,door,can,vein,castle,deer,public,cucumber,laser
190,R_3Ra6728JTMyhl1n,sun,table,hammer,scarf,flower,glasses,scrunchie,path,canyon,lion
191,R_RDYh7yyqT531Udj,house,ship,island,cartier,Fiji,harry,couch,noodle,pool,ball
192,R_3EohBQt76PUdsPN,Snow,Chair,Asteroid,Bacteria,Necklace,Credit Card,Exam,Guitar,Window,Salmon
193,R_7OMfFZJ2lhQ3bsB,Glass,Sky,Peace,Bottle,Pants,Key,Leave,Light,Black,Bee
194,R_1JJy1ZxuYpj551T,Giraffe,Boat,Cabinet,Tooth,Lychee,Phone,Boulder,Plasma,Watercolour,Collision
195,R_rjLReAvCCPKeTgl,lamp,banana,trampoline,pool,umbrella,ball,tree,bread,eye,bird
196,R_2zcq2Vpol53pPnr,bed,rainbow,page,significant,psychology,butterfly,shower,hotel,jacket,instagram
197,R_usTPkwNLSMXTglj,butterfly,gun,shoe,volcano,penguin,receptionist,watch,trashcan,book,headphones
198,R_10NI33Alr89mT9C,car,book,leaf,electricity,house,moon,water,light,worm,metal
199,R_1Ia5MIIrptEGodv,water,mirror,fish,flower,sky,ocean,milk,pizza,hotpot,lipstick
200,R_1Km9BTXRFNQ3ja9,car,Africa,cat,phone,Alex,doll,photo,giraffe,laptop,ball
201,R_3fYLqjCijfMkEEq,tree,pants,nail,computer,de ja vu,mood,stars,gold,glue,talking
202,R_3fcqAUzOIyf54Sn,planet ,broccoli ,fridge ,scaffold,salt ,money ,rose ,light ,roof,diamond
203,R_3mdGcQzCHXpf7J7,car,squid,movie,polish,coriander,supermarket,soccer,wine,queen,bush
204,R_3ixsb9gQArV5zst,hands,earphones,bags,mother,bedroom,pilot,battery,landscape,travelling,building
205,R_vB3PbvFVrmJuak1,bat,cloud,hair,desert,whale,metal,alphabet,library,cheese,coup
206,R_31Qz1KubGXNUHt0,Phone ,Book ,Run ,Makeup ,Sleep ,Car,Racism ,Construction ,Cat,Idea
207,R_1kTQKDpdagTEQSH,Base,Cloud,Chair,Foot,People,Country,Chemist,Syringe ,Beach,Flavour
208,R_2Vwgh99XgAhCjzS,apple,candle,house,microphone,aeroplane ,pillow,gas,maths,juice,bark
209,R_w7xxOe7RBfsbyzn,house ,calculator ,shoes ,technology ,water ,nails ,Australia ,dog,tennis ball ,tissues 
210,R_UWKxI1s6VmW1K6t,coat ,bus,apple,pear,table,tree,river,school,country,city
211,R_1Ea5c06Ec65c2br,dogs,food,drink,furniture,people,plants,clothes,technology,sky,vehicles
212,R_1jOpq3CC7SpRkSJ,Apple,Chair,Eraser,Macbook,Cup,Tissue,Phone,University,Psychology,Book
213,R_5vgc2uv8l6ynL7b,cat,kiwi,ball,boat,throat,metal,flower,keyboard,hair,shoe
214,R_3MKdTdvAbEAiST0,egg,Egypt,Computer,Tissue,Mammal,China,Air,Lava,Cello,Card
215,R_3shR1JcmriJWaPZ,sock,sun,charger,nail,suitcase,singing,fat,pillow,lion,rice
216,R_3oYNFlDaHzXMgLC,dog,janitor,mermaid,pants,acne,football,anthers,crayons,train,clown
217,R_3Gp6jmK0EJ08CKW,water,suitcase,brain,grape,wifi,hair straightener,Italy,lion,paint,sock
218,R_31RzX2ez4i1cOwG,food,knife,chef,plate,dinner ,meat,fruit ,cream,lemon,lime
219,R_ZxSM99JuQosGTJL,table,punnet,crab,fist,sandwich,mirror,headphones,sprinkler,harvest,label
220,R_vc8dxOmYte50b9T,flower,couch,application,coaster,battery,country,wax,wine,nail,finger
221,R_2wyMYotQSWRaaXW,car,death,banana,balloon,politics,axe,water,mars,elite,mitosis
222,R_3nedSQtJIXg509h,pig,box,chilli,night,fingernail,rose,bike,dollhouse,laptop,umpire
223,R_3EEAXGCfTtMrjM7,bucket,shelf,pedal,wheel,needle,brush,fence,parakeet,headache,fountain
224,R_We7kOB8tYcC6GTT,ball,house,pasta,reading,driving,code,hate,work,sprint,circus
225,R_1LUNBIuxVQZGk6L,chair,book,butterfly ,coffee,computer ,tennis ,chocolate ,husky ,fire extinguisher ,clock
226,R_2UhFH4Y7qdlhvgC,Grace,Toilet ,Puppy,Education ,Hatred,Bicycle,Sandals,Rockstar,Junkyard ,Pink
227,R_1dKOjjgDVogG8JQ,food,ball,fence,chair,roads,pencil,mat,grass,chimney,pool
228,R_CkaDk4JwEJmCr1D,light,country,bottle,agent,paprika,religion,boron,skunk,blackboard,slime
229,R_1l4tkrGVcUHgzLc,man,animal,institutions,things,places,ideas,president,city,bedroom,shoe
230,R_2uHDofMoTG1Z2yp,Banana,Bottle,Black,Desk,Christmas ,Subject,Tools,Run,Screen,Violence
231,R_Y93XFiWiPG3g58J,plato,she,zebra,alan,water,london,printer,cousin,grandpa,lawyer
232,R_23ZZIyLZIBJEheU,notebook,pet,plant,food,laptop,device,book,shelf,phone,artwork
233,R_eDpL33357GsfXpv,Ball,Car,Fence,Water,Bird,Computer,Carpet,Sound,Brick,Ice cream
234,R_2SCAGoztKWLIanZ,Chair,Hair,Bear,Traps,Book,Food,Clothes,Bag,Bottle,Cradle
235,R_OeUCgvcgliSOoOl,horse,mug,chair,storm ,grass,banana ,castle ,people,chocolate,book
236,R_2pLDvR3GvXCTb23,water,paper,pen,labtop,glasses,charger,survey,chocolate,nut,house
237,R_22yuH45H5roZR5Z,fire,eggs,laptop,black,ears,discipline,beer,song,cushion,religion
238,R_xl8V79qYyEXhuKt,bucket,island,carrot,candle,speedometer ,peg,trophy,clock,binder,corkscrew
239,R_3RmR5LvaKPYa25T,boring,exciting,thoughtful,insight,intelligence ,paranloia,dreamyness,regret,wiry,heartless
240,R_2s5ZkS0sKwXJj9C,orange,city,cow,mirror,acid,student,bean,rock,snack,time
241,R_PHFfEp3TKbV6yVb,tornado,terrace ,hurt,girl,time,electric,porch,tent,acrobat,winter
242,R_1gtlWwfYSunyOL6,celebrity,toilet,buffet,thread,conjunctivitis,wedding,Jupiter,cheese,arrogance,flower
243,R_3EtZlfmXgM3txJL,whisk,window,gluestick,uncle,toenail,flower,calender,keyboard,tattoo,drill
244,R_3Jldi0hEftOIdoh,apple,watermelon,human,boy,gentalmen,black,dark,happiness,bird,dog
245,R_Pvz0xQncBj5DcSB,Glasses,Tree,Cat,Hair,Love,Fork,Painting ,Violin,Teacher,Bleach
246,R_1qWXNjo0YpzLi4R,scissors,building,cat,bike,tomato,oesophagus,mathematics,painting,space,concussion
247,R_BQzBMjdGTzUF8zL,spiral,leaf,towel,nail,rainbow,chamber,cyst,cannon,angel,pill
248,R_2B38QTDWf8jCjTQ,egg,shit,people,bottle,shoe,swanston,Ivy,wendy,Phoebe,two
249,R_2EnTAoGXdaJvBnI,Japan,coconut,anime,knife,sugar ,gun ,pen ,ball,car ,star
250,R_21ynwe3P7rPXMSH,television,hammer ,rap,mic,song,sky, car,bridge,grass,gun
251,R_6u6THJQ0cW3DUs1,food,file,pool,tiles,cap,sun,mud,flower,wind,television
252,R_2uX2PY5bofwxGLx,people,sugar,dog,paper,rice,door,brother,river,toilet,bag
253,R_Xh5tcf83eh2deY9,water,time,carrot,school,chrome,application,rocket,ink,cast,couch
254,R_1QATL55Mj76HfVQ,name,fruit,city,animal,sofa,building,book,water,word,pencil
255,R_3MsvX2NXRn7in5T,Mandarin,Bag,Leg,Rock,Counter,Bus,Cough,Rubber,Oil,Line
256,R_1JIVAqKjU4ooEUK,tree,space,pen,bag,sound,ice,marriage,idea,frog,laughter
257,R_27flF9O9pwCB4PD,window,sky,chair,building,laptop,yugurt,bag,clothes,air-conditioning,bed
258,R_3q8dlivl1e2gg50,table,chair ,pillow,food,drinks,water,beach ,sand,stars,baby
259,R_20P2SFzIpz97wNR,University,Blanket,Chicken,Teddy,Fireball,Uniform,Ball,Slippers,Hike,Cologne
260,R_1KrrmBr2xYcCukz,jetski,beetle,cotton,plasma,murderers,keyboard,seconds,koala,muffin,carbon monoxide
261,R_1pyXNZq8CJb7Aek,Bed,Women,Sun,Law,Weather,River,Glass,Sheep,Sad,Love
262,R_1dayvj9dpBMMebo,apple,pen,shirts,rice,dog,gold,books,fire,phone,hair
263,R_3Gs92SxQIMWUq7b,stick,tissue,bed,leg,school,friend,reflection,meal,data,bag
264,R_A4Cm3CkDHL6ejjH,window,sky,pencil,calendar,charger,cream,water,banana,hair,tissue
265,R_2qEML9doPTGeYrg,Spoon,Shoe,Bookshelf,Car,Screwdriver ,Bee,Dough,Coffee,Card,Plane
266,R_wUiSzcc0YPDRCql,table,sky,watermelon,book,hair,shoe,water,calendar,perfume,label
267,R_2WMa8Yebpd7YUxc,lungs,desk,jelousy,radius,maturity,yellow,water,yell,song,leadership
268,R_3pumcD6FxZNNkCr,Blanket,Tissue,Shoes,Tree,Trash bin,Traffic jam,Ant,Facial wash,Bag,Candy
269,R_3EWRkgvYBT5YaUq,pie,flamingo,axe,blender,dirt,roundabout,towel,whip,mop,flame
270,R_3fUWh7czSzoD2Qq,ball,mouse,candle,wine,garden,person,train,eyelash,painting,books
271,R_11j9xySW5axFyGC,snacks,apartment,office,gym,refrigerator,dishwasher,window,sun,unicorn,woods
272,R_2DSJmYsbpYwrUrq,Cup,Dog,Pencil,Air,Water ,Milk,Burger,Sand,Light,Moon
273,R_3nNVeI3PBrhdEl1,present,dot,hamster,pavement,font,psychologist,aluminium,nacho,yellow,toenail
274,R_2Pt0do4V6tIv9bM,Difficult,Simple,Embarrasing,Proud,Sweet ,bitter,Depressed,Positive,Expensive,Cheap
275,R_2ARWFx0JJopgtpm,table,tree,mouse,cat,water,food,wood,fire,banana,apple
276,R_2b161aKvodf8pcF,book,tv,pencil,statue,tea,people,fruit,plant,gas,lunchbox
277,R_30oS1xuwRN2v0Gd,nose,mouse,circle,death,car,shelf,water,pink,titanium,plank
278,R_oXgeu9ZyjCHUv3X,boob,glasses,milk,flower,gold,gun,blood,card,game,football
279,R_1lypwKqrxjuq9sl,apple,aircraft,student,restaurant,apartment,library,ferry,bottle,car,headphones
280,R_3dZ0JcNUBs9yayD,calculator ,tissues,sky,apple,toilet,mum,hair,tree,nails,train
281,R_3Op5ssdjxWd5j0d,Banana,Anger,Ball,Daytime,Apartment,Sea foam,Ear,Butler,Chip,Twirl
282,R_2WZIuyerw3sIMH9,finger,barn,teacher,garage,hospital,fork,pyjamas,fan,soil,bubblewrap
283,R_4JEt07q4GgsQvlL,table ,cat ,space,fly ,floor ,University ,show ,number,ion ,orange 
284,R_29n19Q5HtNPpTWS,fable,melon,riot,wrist,hope,season,discipline,device,wonder,sleep
285,R_1luAk8qhRkzZYQi,chocolate,rice,sun,table,road,finger,month,essay,phone,concert
